patient,left_ventricle_volume_ml,left_ventricle_length_mm,left_ventricle_width_mm,left_ventricle_depth_mm,right_ventricle_volume_ml,right_ventricle_length_mm,right_ventricle_width_mm,right_ventricle_depth_mm,left_atrium_volume_ml,left_atrium_length_mm,left_atrium_width_mm,left_atrium_depth_mm,right_atrium_volume_ml,right_atrium_length_mm,right_atrium_width_mm,right_atrium_depth_mm,aorta_volume_ml,aorta_length_mm,aorta_width_mm,aorta_depth_mm,pulmonary_artery_volume_ml,pulmonary_artery_length_mm,pulmonary_artery_width_mm,pulmonary_artery_depth_mm,superior_vena_cava_volume_ml,superior_vena_cava_length_mm,superior_vena_cava_width_mm,superior_vena_cava_depth_mm,inferior_vena_cava_volume_ml,inferior_vena_cava_length_mm,inferior_vena_cava_width_mm,inferior_vena_cava_depth_mm,lv_rv_volume_ratio,lv_rv_volume_difference_percent
pat38,13.330685160308674,34.06640625,39.4453125,37.20007908344269,24.82896637018827,41.23828125,48.41015625,47.40010076761246,15.502137420630012,51.3984375,40.640625,50.40010714530945,7.553361968295026,27.4921875,43.62890625,23.40004974603653,7.613156202466922,47.21484375,71.12109375,30.00006377696991,4.091297241367383,29.8828125,26.89453125,34.2000727057457,2.307328763780055,10.16015625,35.859375,42.60009056329727,2.0962272560405646,18.52734375,20.3203125,27.600058674812317,0.5369005282601941,60.26407867320405
pat23,177.85532494068147,75.75,74.25,96.89895629882812,184.87842741966247,72.75,116.25,88.3990478515625,82.0157228565216,74.25,73.5,110.49880981445312,475.5934648704529,98.25,117.0,101.9989013671875,84.86675152301788,72.75,162.0,49.299468994140625,31.317328305244448,82.5,39.75,73.94920349121094,15.308919482231142,27.0,61.5,31.449661254882812,19.210377459526065,36.75,41.25,57.79937744140625,0.9620123203285422,3.8723181580324346
pat54,173.68881143395953,91.0416648387909,92.03124815225601,85.13916015625,13.091760957390624,36.61458259820938,40.572915852069855,33.65966796875,49.87840710136184,62.34374874830246,60.36458212137222,98.9990234375,12.799949638657319,34.635415971279144,40.572915852069855,42.569580078125,127.43623267832052,105.88541454076767,138.54166388511658,52.469482421875,13.288563939792157,40.572915852069855,25.72916615009308,59.3994140625,3.992289071573948,24.73958283662796,23.749999523162842,16.829833984375,43.611734794743576,53.437498927116394,77.18749845027924,50.489501953125,13.267031990521327,171.96333475205284
pat11,148.46627126522586,58.276554107666016,71.63159775733948,97.60037231445312,269.5750983362395,54.63426947593689,120.19539284706116,120.00045776367188,55.27207248212319,61.31179130077362,69.81045544147491,99.20037841796875,70.25059599146104,60.7047438621521,72.84569263458252,54.40020751953125,85.68547980611409,83.16549909114838,154.79709684848785,49.600189208984375,37.88026379235235,65.56112337112427,41.27922582626343,86.40032958984375,20.50496426091333,29.138277053833008,83.16549909114838,30.400115966796875,23.963632931428833,32.780561685562134,49.77788996696472,54.40020751953125,0.5507417865430757,57.94107276343068
pat16,13.120728316446815,33.38761043548584,54.6342716217041,40.80015563964844,152.95063868761233,69.05164885520935,88.02188205718994,86.40032958984375,90.51340233102266,72.08688616752625,73.60450482368469,72.80027770996094,0.0,0.0,0.0,0.0,46.72451470224627,89.53950071334839,113.06258988380432,68.80026245117188,13.380526475781037,36.422847747802734,31.869991779327393,62.400238037109375,3.530306902726035,24.281898498535156,18.211423873901367,24.000091552734375,23.56608835379227,44.01094102859497,82.71021676063538,53.60020446777344,0.08578407013549451,168.39737384440002
pat20,15.256966619725315,23.527777194976807,37.96527683734894,57.75,49.87946848520295,41.17361009120941,57.21527636051178,66.0,36.4105516177514,53.47222089767456,47.05555438995361,57.75,0.0,0.0,0.0,0.0,12.591189878238717,54.006943106651306,75.93055367469788,37.5,2.6827179660523948,26.201388239860535,15.506944060325623,45.0,4.427020758687901,19.784721732139587,44.91666555404663,15.0,0.8845892573913772,17.11111068725586,9.624999761581421,28.5,0.30587668800543427,106.30763507307162
pat55,24.251770040559396,39.27272844314575,38.54545569419861,40.5,3.384330780234222,15.272727727890015,28.3636372089386,27.5,6.2934218627204634,29.818182706832886,30.54545545578003,43.5,11.425587457877556,33.4545464515686,45.818183183670044,26.0,6.988959094260356,50.181819677352905,65.45454740524292,25.5,2.3775208028683013,24.72727346420288,21.090909719467163,32.5,1.328661236219171,12.36363673210144,26.181818962097168,10.5,2.5425456060929754,23.272727966308594,33.4545464515686,21.5,7.165898257404079,151.01579919425066
pat58,17.334726396482438,37.96875,33.046875,46.900306701660156,0.0,0.0,0.0,0.0,18.852596429921686,45.703125,35.859375,44.80029296875,0.0,0.0,0.0,0.0,5.516035217279568,39.375,54.140625,21.000137329101562,2.4041593986097722,25.3125,16.171875,38.50025177001953,1.0880491074174643,9.140625,23.90625,11.900077819824219,2.6183777184225616,15.46875,26.015625,21.70014190673828,0.0,0.0
pat33,29.221209598315657,51.982143461704254,51.25000059604645,42.40016174316406,32.9061301183815,46.1250005364418,66.62500077486038,53.60020446777344,33.0206272414884,46.1250005364418,51.982143461704254,92.00035095214844,19.79685276490626,33.678571820259094,55.642857789993286,56.000213623046875,56.713383989264216,73.21428656578064,106.89285838603973,48.80018615722656,10.077890974289224,54.91071492433548,35.87500041723251,64.80024719238281,5.294312666208874,25.625000298023224,24.892857432365417,27.200103759765625,19.000947669451563,43.19642907381058,74.67857229709625,48.00018310546875,0.8880172020590343,11.862476445536565
pat19,229.49691080141068,87.5,89.25,112.49923706054688,187.87643993520737,61.25,117.25,122.399169921875,75.0907657546997,69.125,76.125,123.29916381835938,112.60376291418075,75.25,77.875,60.299591064453125,102.66548187541962,90.125,154.875,59.39959716796875,31.392096482276916,65.625,36.75,82.7994384765625,14.215952028751373,24.5,56.0,26.099822998046875,17.433163022994993,41.125,49.875,37.79974365234375,1.2215310811752496,19.944000158490116
pat9,102.42345561470415,58.43752098083496,92.96878337860107,61.40992909669876,142.49388707027828,72.60419273376465,96.5104513168335,74.75991368293762,67.95507002639111,69.94794178009033,51.35418510437012,112.13987052440643,76.12963340674122,69.94794178009033,85.88544750213623,72.08991676568985,69.49495235657486,96.5104513168335,161.1458911895752,34.70995992422104,88.52125560160447,62.86460590362549,66.40627384185791,85.43990135192871,4.891062589301317,23.020841598510742,28.333343505859375,27.589968144893646,22.05373841977689,39.843764305114746,49.583351135253906,54.28993731737137,0.7187919265911294,32.7215957974144
pat36,12.757742066571954,47.96875,55.1640625,39.000396728515625,34.655368705659754,49.16796875,65.95703125,54.00054931640625,22.26370523710898,41.373046875,43.771484375,75.00076293945312,6.407346210032468,22.78515625,32.37890625,31.2003173828125,21.455182794337393,38.974609375,85.14453125,46.80047607421875,0.7796158239531796,13.19140625,11.9921875,19.800201416015625,1.7848758515187073,16.7890625,23.984375,17.400177001953125,2.3798344686916098,25.783203125,14.390625,26.4002685546875,0.3681317655260848,92.36949983848146
pat31,89.51804891861974,61.9921875,66.484375,68.3995361328125,53.77737363865599,53.0078125,86.25,71.09951782226562,126.31718519055283,75.46875,79.0625,117.89920043945312,44.16186939040199,42.2265625,69.1796875,50.399658203125,77.3061551128514,97.03125,142.8515625,35.999755859375,17.84273193120025,38.6328125,29.6484375,80.09945678710938,7.434653254505246,28.75,28.75,30.59979248046875,41.10780623992905,36.8359375,76.3671875,62.99957275390625,1.6646043282090075,49.88390367553864
pat45,17.135825171232224,27.5,42.625,47.399879455566406,23.986581967562437,38.5,53.625,41.99989318847656,46.04955242088437,61.875,57.75,80.39979553222656,0.0,0.0,0.0,0.0,18.343931473851203,55.0,92.125,50.399871826171875,2.408839186489582,15.8125,13.75,34.79991149902344,1.9077303046286105,12.375,23.375,20.399948120117188,1.8600866757929324,13.75,15.8125,32.39991760253906,0.7143921211619632,33.31885107410089
pat30,30.62412335297201,34.46969819068909,48.0,57.67045658826828,42.76980868599206,36.4583346247673,72.0,76.89394211769104,62.19077754923218,72.2537904381752,66.0,84.1856090426445,0.0,0.0,0.0,0.0,47.97108495265963,60.98485064506531,110.0,48.3901532292366,5.030785839070458,25.852273643016815,18.0,71.5909116268158,5.813372054406687,23.200758397579193,30.0,60.3219718337059,2.7647571403119335,20.54924315214157,17.0,29.82954651117325,0.7160219859248985,33.09724658592221
pat49,25.991012065579934,43.80000174045563,55.20000219345093,37.5,23.074201833772698,38.400001525878906,52.20000207424164,54.75,26.392502097487494,31.20000123977661,49.80000197887421,63.0,0.0,0.0,0.0,0.0,17.008111351683166,55.20000219345093,84.60000336170197,31.5,3.5172902795291003,33.000001311302185,17.40000069141388,37.5,2.1483901707387005,17.40000069141388,21.000000834465027,21.0,2.719440216121678,18.000000715255737,21.600000858306885,63.0,1.126410016381933,11.889524165900848
pat3,177.2324978791264,85.93725264072418,96.24972295761108,100.04912674427032,90.16686721225679,75.62478232383728,67.60397207736969,68.99939775466919,96.52485508597894,56.14567172527313,56.14567172527313,148.34870517253876,119.00051585259685,68.74980211257935,100.8330430984497,90.84920704364777,125.86430423396492,135.20794415473938,153.54122471809387,56.34950816631317,73.63549479967453,88.2289127111435,116.87466359138489,66.69941782951355,101.55266311720544,100.8330430984497,126.04130387306213,123.04892599582672,28.270473746752224,72.18729221820831,50.41652154922485,63.24944794178009,1.965605586161858,65.12029722816666
pat21,115.80277402025693,50.84022498130798,82.71021676063538,96.75,67.02775578670169,62.98117423057556,62.22236490249634,62.25,72.3795947271551,95.60997533798218,88.02188205718994,109.5,14.534131475825042,42.49332237243652,44.01094102859497,66.0,105.56462364502339,82.71021676063538,147.9678189754486,59.25,35.25010547828532,71.32807683944702,65.25760221481323,77.25,6.925909217057345,15.934995889663696,40.21689438819885,21.75,22.71843322677097,37.18165707588196,58.42831826210022,56.25,1.7276838924574618,53.35544155022062
pat50,94.00897123893225,54.976851642131805,67.12962937355042,83.99978637695312,0.0,0.0,0.0,0.0,81.8674770032985,70.02314788103104,60.185184955596924,73.19981384277344,0.0,0.0,0.0,0.0,31.58428157576216,74.65277749300003,95.4861107468605,43.19989013671875,6.833910680423395,39.930555403232574,18.518518447875977,57.599853515625,1.6259925088499299,14.467592537403107,15.624999940395355,19.199951171875,14.765346210493147,37.61574059724808,35.30092579126358,50.399871826171875,0.0,0.0
pat4,9.30339916895794,35.85946011543274,39.02353012561798,26.000080108642578,12.319213106451027,44.296980142593384,34.80477011203766,25.350078105926514,19.079668708359534,42.18760013580322,37.9688401222229,61.10018825531006,33.314946771501205,41.13291013240814,66.44547021389008,38.3501181602478,24.687593162734117,67.50016021728516,81.2111302614212,31.850098133087158,3.0136448073534385,32.6953901052475,18.98442006111145,46.80014419555664,3.134393051793943,15.820350050926208,33.75008010864258,26.000080108642578,1.7577184564962114,18.98442006111145,15.820350050926208,18.85005807876587,0.7551942716281255,27.895000835980593
pat29,126.21261748776428,65.25760221481323,75.12212347984314,73.60028076171875,112.37283788280554,50.84022498130798,104.71568727493286,73.60028076171875,137.46731328034065,66.77522087097168,79.67497944831848,90.40034484863281,64.81779821375147,44.01094102859497,75.12212347984314,48.80018615722656,67.59865191570307,84.22783541679382,145.69139099121094,40.000152587890625,28.140194244198003,74.36331415176392,38.699275732040405,72.80027770996094,10.710225182056764,30.352373123168945,47.046178340911865,25.60009765625,15.33914664154188,35.66403841972351,55.393080949783325,40.000152587890625,1.1231594739948842,11.601528335801403
pat10,158.93012651896666,64.45833152532578,80.04166442155838,82.40031433105469,196.31402258505213,51.708331882953644,101.99999713897705,128.00048828125,64.8867647157173,58.79166501760483,60.91666495800018,90.40034484863281,100.05016910256398,68.70833140611649,78.62499779462814,60.80023193359375,99.1341962153581,85.70833092927933,153.7083290219307,66.40025329589844,46.776431368722484,80.7499977350235,43.20833212137222,94.40036010742188,16.686200216492434,32.58333241939545,70.12499803304672,30.400115966796875,17.018952856060213,34.7083323597908,39.66666555404663,50.40019226074219,0.8095709334778208,21.046875035309373
pat59,260.72069277763364,88.125,105.0,89.30023193359375,0.0,0.0,0.0,0.0,156.3443455159664,67.5,93.75,122.2003173828125,214.83498766422272,82.5,90.0,73.3201904296875,81.65243082046509,90.0,152.8125,46.06011962890625,46.54333963394165,86.25,45.9375,89.30023193359375,16.89608489871025,33.75,42.1875,34.78009033203125,27.475243234634398,47.8125,40.3125,67.68017578125,0.0,0.0
pat22,3.461742234284528,15.104166090488434,26.56249898672104,34.79991149902344,26.64885597638065,34.374998688697815,44.270831644535065,55.79985809326172,18.563102416879918,27.604165613651276,37.499998569488525,46.19988250732422,22.45095030584294,50.520831406116486,42.18749839067459,32.39991760253906,10.548149453171831,52.08333134651184,67.7083307504654,28.199928283691406,3.732249338209531,29.68749886751175,18.749999284744263,34.199913024902344,2.25113342622546,13.541666150093079,33.8541653752327,13.799964904785156,2.987622382459297,19.7916659116745,21.874999165534973,25.79993438720703,0.12990209551031875,154.01297297297296
pat41,31.58163210048224,46.1484375,52.44140625,45.49980163574219,18.411467623256613,34.9609375,58.734375,45.49980163574219,45.00847156037344,57.3359375,51.7421875,67.89970397949219,13.264620870846556,34.9609375,51.04296875,32.199859619140625,24.873859220155282,57.3359375,90.19921875,41.29981994628906,3.011653129942715,26.5703125,19.578125,34.29985046386719,0.7446996830403805,15.3828125,9.7890625,13.299942016601562,9.734142042609164,21.67578125,65.7265625,31.499862670898438,1.7153239897393955,52.68792913423559
pat24,31.333570665477698,49.851191997528076,48.363096714019775,46.89979553222656,34.16481469538247,37.94642972946167,58.03571605682373,51.799774169921875,17.747397048665306,31.994048595428467,42.41071557998657,60.89973449707031,32.968530775273514,47.619049072265625,61.01190662384033,39.89982604980469,20.301562036497547,58.77976369857788,92.26190757751465,41.29981994628906,10.675487344075636,46.875001430511475,32.73809623718262,48.999786376953125,4.758784107203747,17.11309576034546,37.94642972946167,24.499893188476562,5.858574766507022,28.273810386657715,28.273810386657715,32.89985656738281,0.9171298291781039,8.645233052100961
pat0,102.34740342893612,57.552103996276855,80.5729455947876,64.96992498636246,103.85937670012243,49.583351135253906,92.96878337860107,93.44989210367203,56.04906545808332,63.750022888183594,57.552103996276855,101.45988285541534,64.18385842936208,59.322937965393066,74.37502670288086,49.83994245529175,53.13396424580074,85.00003051757812,156.71880626678467,41.82995170354843,49.10389612657044,80.5729455947876,57.552103996276855,64.07992601394653,3.5911981664955603,27.44792652130127,29.21876049041748,22.249974310398102,10.933373862247024,30.104177474975586,37.18751335144043,49.83994245529175,0.9854421110618458,1.4664631979996086
pat44,23.452663300239625,46.28736901283264,47.80498766899109,42.000274658203125,22.819058084160833,40.975703716278076,50.08141565322876,45.50029754638672,18.150048654735432,43.25213170051575,52.35784363746643,72.80047607421875,15.358880638612254,33.38761043548584,44.769750356674194,46.20030212402344,20.376131102829053,56.91069960594177,88.78069138526917,36.400238037109375,3.0519457354634962,25.799517154693604,18.97023320198059,46.900306701660156,3.5219099097305904,15.176186561584473,27.31713581085205,23.10015106201172,3.635974970894902,21.24666118621826,23.523089170455933,36.400238037109375,1.0277664929788926,2.73862824689465
pat25,7.292231254142562,32.166667461395264,23.393939971923828,35.25,6.029794407369331,24.856061220169067,37.2840918302536,40.125,14.619936602884087,29.973485589027405,42.40151619911194,58.5,20.008391446882353,37.2840918302536,45.32575869560242,33.0,8.435218607237932,51.174243688583374,63.60227429866791,22.125,3.7712770512354155,35.09090995788574,18.27651560306549,35.25,1.5119580206472856,13.159091234207153,21.93181872367859,13.125,2.6258846747774043,19.00757622718811,24.856061220169067,25.125,1.2093664827494517,18.952625957184345
pat52,67.49276152059436,53.90625,63.96875,92.69937133789062,0.0,0.0,0.0,0.0,106.84745995968579,85.53125,56.0625,115.19921875,35.55289834296703,69.0,37.375,69.29953002929688,89.37601028227806,105.65625,112.84375,45.899688720703125,12.920169117182493,43.84375,27.3125,98.09933471679688,9.221120375007391,35.9375,36.65625,80.09945678710938,51.4733140078187,69.71875,92.71875,59.39959716796875,0.0,0.0
pat18,165.85944536653525,62.666696548461914,87.33337497711182,86.40087890625,199.2606169908598,58.000027656555176,118.66672325134277,114.30116271972656,87.81737706373303,54.66669273376465,72.6667013168335,102.60104370117188,95.98746796487107,66.00003147125244,90.66670989990234,53.10054016113281,84.39813902099482,82.00003910064697,162.66674423217773,45.000457763671875,35.046789933616196,76.66670322418213,38.00001811981201,78.30079650878906,14.220958223611246,28.00001335144043,57.33336067199707,31.500320434570312,29.623129589502085,42.66668701171875,58.000027656555176,56.70057678222656,0.8323744444399834,18.295993602033327
pat28,24.805721566461557,35.79545420408249,44.3181813955307,55.79985809326172,14.745829986659682,42.61363595724106,39.77272689342499,41.39989471435547,8.452199418057507,21.590908885002136,31.249999701976776,52.199867248535156,17.293537818397475,38.63636326789856,42.045454144477844,31.199920654296875,11.383816390105824,41.47727233171463,79.54545378684998,20.99994659423828,2.993212888606716,34.09090876579285,20.454545259475708,40.799896240234375,0.8102381099489997,13.068181693553925,13.068181693553925,11.999969482421875,3.8168161502617832,24.431817948818207,24.99999976158142,26.99993133544922,1.6822194199243379,50.86976962858485
pat39,15.496770729039156,47.96875,38.974609375,33.59991455078125,56.495542332494075,43.771484375,58.162109375,67.1998291015625,54.207849835745,44.970703125,54.564453125,61.19984436035156,0.0,0.0,0.0,0.0,13.359218164184218,62.958984375,79.1484375,27.599929809570312,9.08195585154483,39.57421875,25.18359375,38.39990234375,3.6486592069791515,16.7890625,43.171875,18.599952697753906,4.353195151758264,22.78515625,21.5859375,31.79991912841797,0.27430076939231374,113.89763673355647
pat26,56.97391421240568,48.6875,68.28125,56.000213623046875,91.34180937752127,48.09375,94.40625,68.80026245117188,64.90522728034854,52.25,89.0625,108.8004150390625,67.09379812905192,47.5,71.84375,67.20025634765625,67.05431360343098,65.3125,170.40625,46.400177001953125,40.98324540057778,52.25,63.53125,81.60031127929688,14.190174443513154,21.96875,66.5,38.400146484375,6.3626492714881895,21.375,34.4375,35.20013427734375,0.6237440948528731,46.34423692006951
pat48,34.14132149191573,52.03125,42.890625,46.199798583984375,36.982884421013296,37.96875,56.953125,55.999755859375,18.808786408044398,34.453125,37.96875,61.5997314453125,25.529077544342726,42.1875,49.921875,40.599822998046875,10.657850874122232,56.953125,78.75,28.699874877929688,8.016315149143338,49.921875,23.203125,40.599822998046875,1.9372876966372132,12.65625,27.421875,17.499923706054688,0.9496101178228855,16.875,13.359375,18.199920654296875,0.9231654595474706,7.99042433619922
pat12,103.79258909926199,58.42831826210022,84.98664474487305,80.80030822753906,116.37990204601194,48.56379699707031,105.47449660301208,80.00030517578125,44.57841607753324,56.15189027786255,60.70474624633789,79.20030212402344,64.1024320055138,59.94593691825867,72.84569549560547,46.400177001953125,57.93314699139457,63.739983558654785,163.9028148651123,37.60014343261719,22.557297628717894,66.77522087097168,40.21689438819885,65.60025024414062,13.173240710354795,23.523089170455933,61.463555574417114,21.600082397460938,22.63836939475127,44.01094102859497,50.08141565322876,43.200164794921875,0.8918428979105565,11.434046897752184
pat35,7.0143238455666,38.84765625,40.640625,31.79991912841797,12.812837272975012,33.46875,62.15625,42.599891662597656,17.887608098211697,40.04296875,44.82421875,64.19983673095703,19.531620387598522,37.65234375,40.04296875,45.599884033203125,20.068694406266673,50.203125,89.05078125,37.19990539550781,4.432039387892,24.50390625,17.9296875,48.599876403808594,4.1864341104005,16.734375,29.28515625,46.79988098144531,2.482842181273154,19.125,23.30859375,35.999908447265625,0.5474450112904575,58.49060682707482
pat42,24.158302880823612,39.375,45.0,60.89973449707031,35.01756523037329,47.109375,54.140625,51.799774169921875,21.609859401360154,40.78125,49.21875,73.49967956542969,6.158623052760959,33.046875,29.53125,26.599884033203125,16.09457643935457,49.921875,95.625,36.39984130859375,11.03125805966556,49.921875,23.90625,50.3997802734375,1.4849770464934409,12.65625,12.65625,21.699905395507812,25.12417818652466,33.75,64.6875,39.89982604980469,0.6898909939023787,36.70165794321471
pat32,64.29170462745428,53.625,65.3125,71.20027160644531,33.8082852178812,51.5625,65.3125,83.2003173828125,45.931018962264055,46.75,65.3125,100.80038452148438,36.77771217030286,47.4375,53.625,46.400177001953125,177.93987565916777,106.5625,133.375,72.00027465820312,8.591032772064208,24.0625,26.125,46.400177001953125,8.57401708215475,39.875,40.5625,45.60017395019531,22.931856227755546,52.9375,77.6875,61.60023498535156,1.9016552958282074,62.14765048932883
pat53,64.54161918319878,52.20703125,58.65234375,70.85099792480469,1.5162024429591836,15.46875,18.046875,29.900421142578125,17.49235872749705,35.44921875,43.828125,74.10104370117188,33.83386174495099,49.62890625,48.33984375,37.05052185058594,28.07742297754157,65.7421875,94.1015625,32.500457763671875,3.071018768259091,19.3359375,14.1796875,35.75050354003906,0.7911795472609809,14.82421875,12.890625,12.350173950195312,4.356888052920112,25.78125,27.0703125,26.650375366210938,42.567943009795194,190.81893767832761
pat13,78.10427100185356,69.10652524232864,71.956278860569,69.59931135177612,83.17137851796801,54.85775715112686,92.61699259281158,79.99920845031738,82.89120348902988,57.70751076936722,73.38115566968918,87.19913721084595,88.48861330629389,75.51847088336945,71.956278860569,62.39938259124756,138.48280183955453,85.4926085472107,183.809108376503,65.59935092926025,67.20546237616016,74.80603247880936,67.68164843320847,78.39922428131104,10.981236931308533,21.373152136802673,59.844825983047485,23.999762535095215,18.385978710606803,42.74630427360535,57.70751076936722,43.19957256317139,0.9390763071815652,6.28378497460855
pat46,20.242901796848173,40.70000088214874,39.600000858306885,47.400482177734375,21.51686331134721,35.75000077486038,46.75000101327896,44.40045166015625,14.885148563268318,50.600001096725464,41.25000089406967,54.600555419921875,13.736241826300247,29.700000643730164,46.75000101327896,32.40032958984375,13.022213531950738,52.25000113248825,85.25000184774399,24.000244140625,3.458880835134364,26.95000058412552,16.50000035762787,42.00042724609375,1.5761621017110152,16.50000035762787,14.850000321865082,18.00018310546875,3.5592513604966616,24.750000536441803,16.50000035762787,35.400360107421875,0.9407924149507798,6.101382568596008
