patient,left_ventricle_volume_ml,right_ventricle_volume_ml,left_atrium_volume_ml,right_atrium_volume_ml,left_ventricle_length_mm,left_ventricle_width_mm,left_ventricle_depth_mm,right_ventricle_length_mm,right_ventricle_width_mm,right_ventricle_depth_mm,left_atrium_length_mm,left_atrium_width_mm,left_atrium_depth_mm,right_atrium_length_mm,right_atrium_width_mm,right_atrium_depth_mm,lv_rv_volume_ratio,lv_rv_volume_difference_percent,VSD,ASD
pat38,13.330685160308674,24.82896637018827,15.502137420630012,7.553361968295026,34.06640625,39.4453125,37.20007908344269,41.23828125,48.41015625,47.40010076761246,51.3984375,40.640625,50.40010714530945,27.4921875,43.62890625,23.40004974603653,0.5369005282601941,60.26407867320405,1,1
pat23,177.85532494068147,184.87842741966247,82.0157228565216,475.5934648704529,75.75,74.25,96.89895629882812,72.75,116.25,88.3990478515625,74.25,73.5,110.49880981445312,98.25,117.0,101.9989013671875,0.9620123203285422,3.8723181580324346,0,0
pat54,173.68881143395953,13.091760957390624,49.87840710136184,12.799949638657319,91.0416648387909,92.03124815225601,85.13916015625,36.61458259820938,40.572915852069855,33.65966796875,62.34374874830246,60.36458212137222,98.9990234375,34.635415971279144,40.572915852069855,42.569580078125,13.267031990521327,171.96333475205284,0,1
pat11,148.46627126522586,269.5750983362395,55.27207248212319,70.25059599146104,58.276554107666016,71.63159775733948,97.60037231445312,54.63426947593689,120.19539284706116,120.00045776367188,61.31179130077362,69.81045544147491,99.20037841796875,60.7047438621521,72.84569263458252,54.40020751953125,0.5507417865430757,57.94107276343068,0,0
pat16,13.120728316446815,152.95063868761233,90.51340233102266,0.0,33.38761043548584,54.6342716217041,40.80015563964844,69.05164885520935,88.02188205718994,86.40032958984375,72.08688616752625,73.60450482368469,72.80027770996094,0.0,0.0,0.0,0.08578407013549451,168.39737384440002,1,0
pat20,15.256966619725315,49.87946848520295,36.4105516177514,0.0,23.527777194976807,37.96527683734894,57.75,41.17361009120941,57.21527636051178,66.0,53.47222089767456,47.05555438995361,57.75,0.0,0.0,0.0,0.30587668800543427,106.30763507307162,1,0
pat55,24.251770040559396,3.384330780234222,6.2934218627204634,11.425587457877556,39.27272844314575,38.54545569419861,40.5,15.272727727890015,28.3636372089386,27.5,29.818182706832886,30.54545545578003,43.5,33.4545464515686,45.818183183670044,26.0,7.165898257404079,151.01579919425066,0,1
pat58,17.334726396482438,0.0,18.852596429921686,0.0,37.96875,33.046875,46.900306701660156,0.0,0.0,0.0,45.703125,35.859375,44.80029296875,0.0,0.0,0.0,0.0,0.0,0,0
pat33,29.221209598315657,32.9061301183815,33.0206272414884,19.79685276490626,51.982143461704254,51.25000059604645,42.40016174316406,46.1250005364418,66.62500077486038,53.60020446777344,46.1250005364418,51.982143461704254,92.00035095214844,33.678571820259094,55.642857789993286,56.000213623046875,0.8880172020590343,11.862476445536565,1,1
pat19,229.49691080141068,187.87643993520737,75.0907657546997,112.60376291418075,87.5,89.25,112.49923706054688,61.25,117.25,122.399169921875,69.125,76.125,123.29916381835938,75.25,77.875,60.299591064453125,1.2215310811752496,19.944000158490116,1,0
pat9,102.42345561470415,142.49388707027828,67.95507002639111,76.12963340674122,58.43752098083496,92.96878337860107,61.40992909669876,72.60419273376465,96.5104513168335,74.75991368293762,69.94794178009033,51.35418510437012,112.13987052440643,69.94794178009033,85.88544750213623,72.08991676568985,0.7187919265911294,32.7215957974144,1,0
pat36,12.757742066571954,34.655368705659754,22.26370523710898,6.407346210032468,47.96875,55.1640625,39.000396728515625,49.16796875,65.95703125,54.00054931640625,41.373046875,43.771484375,75.00076293945312,22.78515625,32.37890625,31.2003173828125,0.3681317655260848,92.36949983848146,1,1
pat31,89.51804891861974,53.77737363865599,126.31718519055283,44.16186939040199,61.9921875,66.484375,68.3995361328125,53.0078125,86.25,71.09951782226562,75.46875,79.0625,117.89920043945312,42.2265625,69.1796875,50.399658203125,1.6646043282090075,49.88390367553864,1,1
pat45,17.135825171232224,23.986581967562437,46.04955242088437,0.0,27.5,42.625,47.399879455566406,38.5,53.625,41.99989318847656,61.875,57.75,80.39979553222656,0.0,0.0,0.0,0.7143921211619632,33.31885107410089,1,0
pat30,30.62412335297201,42.76980868599206,62.19077754923218,0.0,34.46969819068909,48.0,57.67045658826828,36.4583346247673,72.0,76.89394211769104,72.2537904381752,66.0,84.1856090426445,0.0,0.0,0.0,0.7160219859248985,33.09724658592221,1,0
pat49,25.991012065579934,23.074201833772698,26.392502097487494,0.0,43.80000174045563,55.20000219345093,37.5,38.400001525878906,52.20000207424164,54.75,31.20000123977661,49.80000197887421,63.0,0.0,0.0,0.0,1.126410016381933,11.889524165900848,1,0
pat3,177.2324978791264,90.16686721225679,96.52485508597894,119.00051585259685,85.93725264072418,96.24972295761108,100.04912674427032,75.62478232383728,67.60397207736969,68.99939775466919,56.14567172527313,56.14567172527313,148.34870517253876,68.74980211257935,100.8330430984497,90.84920704364777,1.965605586161858,65.12029722816666,0,1
pat21,115.80277402025693,67.02775578670169,72.3795947271551,14.534131475825042,50.84022498130798,82.71021676063538,96.75,62.98117423057556,62.22236490249634,62.25,95.60997533798218,88.02188205718994,109.5,42.49332237243652,44.01094102859497,66.0,1.7276838924574618,53.35544155022062,0,0
pat50,94.00897123893225,0.0,81.8674770032985,0.0,54.976851642131805,67.12962937355042,83.99978637695312,0.0,0.0,0.0,70.02314788103104,60.185184955596924,73.19981384277344,0.0,0.0,0.0,0.0,0.0,0,0
pat4,9.30339916895794,12.319213106451027,19.079668708359534,33.314946771501205,35.85946011543274,39.02353012561798,26.000080108642578,44.296980142593384,34.80477011203766,25.350078105926514,42.18760013580322,37.9688401222229,61.10018825531006,41.13291013240814,66.44547021389008,38.3501181602478,0.7551942716281255,27.895000835980593,1,1
pat29,126.21261748776428,112.37283788280554,137.46731328034065,64.81779821375147,65.25760221481323,75.12212347984314,73.60028076171875,50.84022498130798,104.71568727493286,73.60028076171875,66.77522087097168,79.67497944831848,90.40034484863281,44.01094102859497,75.12212347984314,48.80018615722656,1.1231594739948842,11.601528335801403,0,0
pat10,158.93012651896666,196.31402258505213,64.8867647157173,100.05016910256398,64.45833152532578,80.04166442155838,82.40031433105469,51.708331882953644,101.99999713897705,128.00048828125,58.79166501760483,60.91666495800018,90.40034484863281,68.70833140611649,78.62499779462814,60.80023193359375,0.8095709334778208,21.046875035309373,0,0
pat22,3.461742234284528,26.64885597638065,18.563102416879918,22.45095030584294,15.104166090488434,26.56249898672104,34.79991149902344,34.374998688697815,44.270831644535065,55.79985809326172,27.604165613651276,37.499998569488525,46.19988250732422,50.520831406116486,42.18749839067459,32.39991760253906,0.12990209551031875,154.01297297297296,0,1
pat41,31.58163210048224,18.411467623256613,45.00847156037344,13.264620870846556,46.1484375,52.44140625,45.49980163574219,34.9609375,58.734375,45.49980163574219,57.3359375,51.7421875,67.89970397949219,34.9609375,51.04296875,32.199859619140625,1.7153239897393955,52.68792913423559,1,1
pat24,31.333570665477698,34.16481469538247,17.747397048665306,32.968530775273514,49.851191997528076,48.363096714019775,46.89979553222656,37.94642972946167,58.03571605682373,51.799774169921875,31.994048595428467,42.41071557998657,60.89973449707031,47.619049072265625,61.01190662384033,39.89982604980469,0.9171298291781039,8.645233052100961,0,0
pat0,102.34740342893612,103.85937670012243,56.04906545808332,64.18385842936208,57.552103996276855,80.5729455947876,64.96992498636246,49.583351135253906,92.96878337860107,93.44989210367203,63.750022888183594,57.552103996276855,101.45988285541534,59.322937965393066,74.37502670288086,49.83994245529175,0.9854421110618458,1.4664631979996086,1,0
pat44,23.452663300239625,22.819058084160833,18.150048654735432,15.358880638612254,46.28736901283264,47.80498766899109,42.000274658203125,40.975703716278076,50.08141565322876,45.50029754638672,43.25213170051575,52.35784363746643,72.80047607421875,33.38761043548584,44.769750356674194,46.20030212402344,1.0277664929788926,2.73862824689465,1,1
pat25,7.292231254142562,6.029794407369331,14.619936602884087,20.008391446882353,32.166667461395264,23.393939971923828,35.25,24.856061220169067,37.2840918302536,40.125,29.973485589027405,42.40151619911194,58.5,37.2840918302536,45.32575869560242,33.0,1.2093664827494517,18.952625957184345,1,1
pat52,67.49276152059436,0.0,106.84745995968579,35.55289834296703,53.90625,63.96875,92.69937133789062,0.0,0.0,0.0,85.53125,56.0625,115.19921875,69.0,37.375,69.29953002929688,0.0,0.0,0,1
pat18,165.85944536653525,199.2606169908598,87.81737706373303,95.98746796487107,62.666696548461914,87.33337497711182,86.40087890625,58.000027656555176,118.66672325134277,114.30116271972656,54.66669273376465,72.6667013168335,102.60104370117188,66.00003147125244,90.66670989990234,53.10054016113281,0.8323744444399834,18.295993602033327,0,0
pat28,24.805721566461557,14.745829986659682,8.452199418057507,17.293537818397475,35.79545420408249,44.3181813955307,55.79985809326172,42.61363595724106,39.77272689342499,41.39989471435547,21.590908885002136,31.249999701976776,52.199867248535156,38.63636326789856,42.045454144477844,31.199920654296875,1.6822194199243379,50.86976962858485,1,1
pat39,15.496770729039156,56.495542332494075,54.207849835745,0.0,47.96875,38.974609375,33.59991455078125,43.771484375,58.162109375,67.1998291015625,44.970703125,54.564453125,61.19984436035156,0.0,0.0,0.0,0.27430076939231374,113.89763673355647,1,0
pat26,56.97391421240568,91.34180937752127,64.90522728034854,67.09379812905192,48.6875,68.28125,56.000213623046875,48.09375,94.40625,68.80026245117188,52.25,89.0625,108.8004150390625,47.5,71.84375,67.20025634765625,0.6237440948528731,46.34423692006951,0,0
pat48,34.14132149191573,36.982884421013296,18.808786408044398,25.529077544342726,52.03125,42.890625,46.199798583984375,37.96875,56.953125,55.999755859375,34.453125,37.96875,61.5997314453125,42.1875,49.921875,40.599822998046875,0.9231654595474706,7.99042433619922,1,0
pat12,103.79258909926199,116.37990204601194,44.57841607753324,64.1024320055138,58.42831826210022,84.98664474487305,80.80030822753906,48.56379699707031,105.47449660301208,80.00030517578125,56.15189027786255,60.70474624633789,79.20030212402344,59.94593691825867,72.84569549560547,46.400177001953125,0.8918428979105565,11.434046897752184,0,0
pat35,7.0143238455666,12.812837272975012,17.887608098211697,19.531620387598522,38.84765625,40.640625,31.79991912841797,33.46875,62.15625,42.599891662597656,40.04296875,44.82421875,64.19983673095703,37.65234375,40.04296875,45.599884033203125,0.5474450112904575,58.49060682707482,1,1
pat42,24.158302880823612,35.01756523037329,21.609859401360154,6.158623052760959,39.375,45.0,60.89973449707031,47.109375,54.140625,51.799774169921875,40.78125,49.21875,73.49967956542969,33.046875,29.53125,26.599884033203125,0.6898909939023787,36.70165794321471,1,1
pat32,64.29170462745428,33.8082852178812,45.931018962264055,36.77771217030286,53.625,65.3125,71.20027160644531,51.5625,65.3125,83.2003173828125,46.75,65.3125,100.80038452148438,47.4375,53.625,46.400177001953125,1.9016552958282074,62.14765048932883,1,1
pat53,64.54161918319878,1.5162024429591836,17.49235872749705,33.83386174495099,52.20703125,58.65234375,70.85099792480469,15.46875,18.046875,29.900421142578125,35.44921875,43.828125,74.10104370117188,49.62890625,48.33984375,37.05052185058594,42.567943009795194,190.81893767832761,0,1
pat13,78.10427100185356,83.17137851796801,82.89120348902988,88.48861330629389,69.10652524232864,71.956278860569,69.59931135177612,54.85775715112686,92.61699259281158,79.99920845031738,57.70751076936722,73.38115566968918,87.19913721084595,75.51847088336945,71.956278860569,62.39938259124756,0.9390763071815652,6.28378497460855,0,0
pat46,20.242901796848173,21.51686331134721,14.885148563268318,13.736241826300247,40.70000088214874,39.600000858306885,47.400482177734375,35.75000077486038,46.75000101327896,44.40045166015625,50.600001096725464,41.25000089406967,54.600555419921875,29.700000643730164,46.75000101327896,32.40032958984375,0.9407924149507798,6.101382568596008,1,1
